longitude,latitude,Address,city,area,pType,subType,,-0,-1,-2,-3,-4,-5,-6,-7,-8,-9,-10
89.42057859,23.01760535,"Abhaynagar, Jessore", Jessore,Abhaynagar,Admin,Upazilla,,,,,,,,,,,,
89.03869629,24.80325322,"Adamdighi, Bogra", Bogra,Adamdighi,Admin,Upazilla,,,,,,,,,,,,
89.34906006,25.93087712,"Aditmari, Lalmonirhat", Lalmonirhat,Aditmari,Admin,Upazilla,,,,,,,,,,,,
90.14076039,22.96784468,"Agailjhara, Barisal", Barisal,Agailjhara,Admin,Upazilla,,,,,,,,,,,,
91.22497559,24.56960628,"Ajmiriganj, Habiganj", Habiganj,Ajmiriganj,Admin,Upazilla,,,,,,,,,,,,
91.20849609,23.87202455,"Akhaura, Brahamanbaria", Brahamanbaria,Akhaura,Admin,Upazilla,,,,,,,,,,,,
89.02015686,24.96769636,"Akkelpur, Joypurhat", Joypurhat,Akkelpur,Admin,Upazilla,,,,,,,,,,,,
88.94119263,23.76523689,"Alamdanga, Chuadanga", Chuadanga,Alamdanga,Admin,Upazilla,,,,,,,,,,,,
89.66983358,23.29692769,"Alfadanga, Faridpur", Faridpur,Alfadanga,Admin,Upazilla,,,,,,,,,,,,
92.3085022,21.66253349,"Alikadam, Bandarban", Bandarban,Alikadam,Admin,Upazilla,,,,,,,,,,,,
90.20266601,22.07495252,"Amtali, Barguna", Barguna,Amtali,Admin,Upazilla,,,,,,,,,,,,
91.86389923,22.23508204,"Anowara, Chittagong", Chittagong,Anowara,Admin,Upazilla,,,,,,,,,,,,
90.64888,23.8004237,"Araihazar, Narayanganj", Narayanganj,Araihazar,Admin,Upazilla,,,,,,,,,,,,
90.99494934,24.02984596,"Ashuganj, Brahamanbaria", Brahamanbaria,Ashuganj,Admin,Upazilla,,,,,,,,,,,,
89.17327881,22.54300097,"Assasuni, Satkhira", Satkhira,Assasuni,Admin,Upazilla,,,,,,,,,,,,
89.28197229,24.10824804,"Atgharia, Pabna", Pabna,Atgharia,Admin,Upazilla,,,,,,,,,,,,
90.85830688,24.82288578,"Atpara, Netrakona", Netrakona,Atpara,Admin,Upazilla,,,,,,,,,,,,
88.98785783,24.62523508,"Atrai, Naogaon", Naogaon,Atrai,Admin,Upazilla,,,,,,,,,,,,
88.41547966,26.24377137,"Atwari, Panchagarh", Panchagarh,Atwari,Admin,Upazilla,,,,,,,,,,,,
91.10137939,24.28076796,"Austagram, Kishoreganj", Kishoreganj,Austagram,Admin,Upazilla,,,,,,,,,,,,
90.31461762,22.82349496,"Babuganj, Barisal", Barisal,Babuganj,Admin,Upazilla,,,,,,,,,,,,
88.90857697,24.97018624,"Badalgachhi, Naogaon", Naogaon,Badalgachhi,Admin,Upazilla,,,,,,,,,,,,
89.05630061,25.66597345,"Badarganj, Rangpur", Rangpur,Badarganj,Admin,Upazilla,,,,,,,,,,,,
88.94674725,24.31224111,"Bagati Para, Natore", Natore,Bagati Para,Admin,Upazilla,,,,,,,,,,,,
89.79537964,22.66470981,"Bagerhat Sadar, Bagerhat", Bagerhat,Bagerhat Sadar,Admin,Upazilla,,,,,,,,,,,,
88.82838646,24.20047082,"Bagha, Rajshahi", Rajshahi,Bagha,Admin,Upazilla,,,,,,,,,,,,
92.22945793,23.37309544,"Baghai Chhari, Rangamati", Rangamati,Baghai Chhari,Admin,Upazilla,,,,,,,,,,,,
89.34288025,23.22431005,"Bagher Para, Jessore", Jessore,Bagher Para,Admin,Upazilla,,,,,,,,,,,,
88.81076187,24.59109968,"Baghmara, Rajshahi", Rajshahi,Baghmara,Admin,Upazilla,,,,,,,,,,,,
91.54648831,24.36058421,"Bahubal, Habiganj", Habiganj,Bahubal,Admin,Upazilla,,,,,,,,,,,,
90.95108338,24.22450621,"Bajitpur, Kishoreganj", Kishoreganj,Bajitpur,Admin,Upazilla,,,,,,,,,,,,
91.85488701,22.35404489,"Bakalia, Chittagong", Chittagong,Bakalia,Admin,Upazilla,,,,,,,,,,,,
90.38462881,22.55301251,"Bakerganj, Barisal", Barisal,Bakerganj,Admin,Upazilla,,,,,,,,,,,,
89.86919403,25.18723366,"Bakshiganj, Jamalpur", Jamalpur,Bakshiganj,Admin,Upazilla,,,,,,,,,,,,
91.77334795,24.69542616,"Balaganj, Sylhet", Sylhet,Balaganj,Admin,Upazilla,,,,,,,,,,,,
89.55060292,23.64963525,"Balia Kandi, Rajbari", Rajbari,Balia Kandi,Admin,Upazilla,,,,,,,,,,,,
88.2763803,26.08568473,"Baliadangi, Thakurgaon", Thakurgaon,Baliadangi,Admin,Upazilla,,,,,,,,,,,,
90.05796842,22.27240628,"Bamna, Barguna", Barguna,Bamna,Admin,Upazilla,,,,,,,,,,,,
90.15380859,22.78631079,"Banari Para, Barisal", Barisal,Banari Para,Admin,Upazilla,,,,,,,,,,,,
90.80701987,23.78013056,"Banchharampur, Brahamanbaria", Brahamanbaria,Banchharampur,Admin,Upazilla,,,,,,,,,,,,
90.53777501,23.63767599,"Bandar, Narayanganj", Narayanganj,Bandar,Admin,Upazilla,,,,,,,,,,,,
92.21614838,22.19471652,"Bandarban Sadar, Bandarban", Bandarban,Bandarban Sadar,Admin,Upazilla,,,,,,,,,,,,
91.36544107,24.4947353,"Baniachong, Habiganj", Habiganj,Baniachong,Admin,Upazilla,,,,,,,,,,,,
91.93977412,22.01585678,"Banshkhali, Chittagong", Chittagong,Banshkhali,Admin,Upazilla,,,,,,,,,,,,
89.15405273,24.32707654,"Baraigram, Natore", Natore,Baraigram,Admin,Upazilla,,,,,,,,,,,,
90.10986328,22.16705786,"Barguna Sadar, Barguna", Barguna,Barguna Sadar,Admin,Upazilla,,,,,,,,,,,,
90.88533504,24.91953471,"Barhatta, Netrakona", Netrakona,Barhatta,Admin,Upazilla,,,,,,,,,,,,
90.37078857,22.71222306,"Barisal Sadar (Kotwali), Barisal", Barisal,Barisal Sadar (Kotwali),Admin,Upazilla,,,,,,,,,,,,
92.34460353,22.84530017,"Barkal, Rangamati", Rangamati,Barkal,Admin,Upazilla,,,,,,,,,,,,
92.17559772,24.70815684,"Barlekha, Maulvibazar", Maulvibazar,Barlekha,Admin,Upazilla,,,,,,,,,,,,
91.04919434,23.38385879,"Barura, Comilla", Comilla,Barura,Admin,Upazilla,,,,,,,,,,,,
90.03940152,24.23114837,"Basail, Tangail", Tangail,Basail,Admin,Upazilla,,,,,,,,,,,,
89.50218201,22.73122374,"Batiaghata, Khulna", Khulna,Batiaghata,Admin,Upazilla,,,,,,,,,,,,
90.55206299,22.42626253,"Bauphal, Patuakhali", Patuakhali,Bauphal,Admin,Upazilla,,,,,,,,,,,,
91.81677818,22.38912671,"Bayejid Bostami, Chittagong", Chittagong,Bayejid Bostami,Admin,Upazilla,,,,,,,,,,,,
92.15889633,24.84889239,"Beani Bazar, Sylhet", Sylhet,Beani Bazar,Admin,Upazilla,,,,,,,,,,,,
91.10824585,22.94574762,"Begumganj, Noakhali", Noakhali,Begumganj,Admin,Upazilla,,,,,,,,,,,,
90.84931917,24.09852256,"Belabo, Narsingdi", Narsingdi,Belabo,Admin,Upazilla,,,,,,,,,,,,
92.19795227,21.79010706,"Belai Chhari, Rangamati", Rangamati,Belai Chhari,Admin,Upazilla,,,,,,,,,,,,
89.70209131,24.29516773,"Belkuchi, Sirajganj", Sirajganj,Belkuchi,Admin,Upazilla,,,,,,,,,,,,
89.60723877,24.08658926,"Bera, Pabna", Pabna,Bera,Admin,Upazilla,,,,,,,,,,,,
90.15106201,22.41991523,"Betagi, Barguna", Barguna,Betagi,Admin,Upazilla,,,,,,,,,,,,
90.98464966,24.0665282,"Bhairab, Kishoreganj", Kishoreganj,Bhairab,Admin,Upazilla,,,,,,,,,,,,
90.3817749,24.41214007,"Bhaluka, Mymensingh", Mymensingh,Bhaluka,Admin,Upazilla,,,,,,,,,,,,
90.05630493,22.49606365,"Bhandaria, Pirojpur", Pirojpur,Bhandaria,Admin,Upazilla,,,,,,,,,,,,
90.00976252,23.38674871,"Bhanga, Faridpur", Faridpur,Bhanga,Admin,Upazilla,,,,,,,,,,,,
89.3662262,24.21033406,"Bhangura, Pabna", Pabna,Bhangura,Admin,Upazilla,,,,,,,,,,,,
90.51389989,23.23837226,"Bhedarganj, Shariatpur", Shariatpur,Bhedarganj,Admin,Upazilla,,,,,,,,,,,,
88.99887085,24.02765097,"Bheramara, Kushtia", Kushtia,Bheramara,Admin,Upazilla,,,,,,,,,,,,
90.63926697,22.69195275,"Bhola Sadar, Bhola", Bhola,Bhola Sadar,Admin,Upazilla,,,,,,,,,,,,
88.2119751,24.94870939,"Bholahat, Nawabganj", Nawabganj,Bholahat,Admin,Upazilla,,,,,,,,,,,,
89.86953735,24.47215044,"Bhuapur, Tangail", Tangail,Bhuapur,Admin,Upazilla,,,,,,,,,,,,
89.69033003,26.11672619,"Bhurungamari, Kurigram", Kurigram,Bhurungamari,Admin,Upazilla,,,,,,,,,,,,
91.22703552,24.01479381,"Bijoynagar, Brahamanbaria", Brahamanbaria,Bijoynagar,Admin,Upazilla,,,,,,,,,,,,
88.5484314,25.63347879,"Biral, Dinajpur", Dinajpur,Biral,Admin,Upazilla,,,,,,,,,,,,
88.99475098,25.3998634,"Birampur, Dinajpur", Dinajpur,Birampur,Admin,Upazilla,,,,,,,,,,,,
88.65211487,25.86478444,"Birganj, Dinajpur", Dinajpur,Birganj,Admin,Upazilla,,,,,,,,,,,,
91.31505407,25.10976709,"Bishwambarpur, Sunamganj", Sunamganj,Bishwambarpur,Admin,Upazilla,,,,,,,,,,,,
91.73721313,24.87148632,"Bishwanath, Sylhet", Sylhet,Bishwanath,Admin,Upazilla,,,,,,,,,,,,
88.61317706,24.37785857,"Boalia, Rajshahi", Rajshahi,Boalia,Admin,Upazilla,,,,,,,,,,,,
91.91299438,22.37992058,"Boalkhali, Chittagong", Chittagong,Boalkhali,Admin,Upazilla,,,,,,,,,,,,
89.68212628,23.38807351,"Boalmari, Faridpur", Faridpur,Boalmari,Admin,Upazilla,,,,,,,,,,,,
88.47358167,25.79400364,"Bochaganj, Dinajpur", Dinajpur,Bochaganj,Admin,Upazilla,,,,,,,,,,,,
88.55564117,26.20304005,"Boda, Panchagarh", Panchagarh,Boda,Admin,Upazilla,,,,,,,,,,,,
89.37206268,24.85154994,"Bogra Sadar, Bogra", Bogra,Bogra Sadar,Admin,Upazilla,,,,,,,,,,,,
91.10584259,23.61436674,"Brahmanpara, Comilla", Comilla,Brahman Para,Admin,Upazilla,,,,,,,,,,,,
91.11894272,23.95054299,"Brahmanbaria Sadar, Brahamanbaria", Brahamanbaria,Brahmanbaria Sadar,Admin,Upazilla,,,,,,,,,,,,
90.72921753,22.5074823,"Burhanuddin, Bhola", Bhola,Burhanuddin,Admin,Upazilla,,,,,,,,,,,,
91.12094879,23.56375111,"Burichang, Comilla", Comilla,Burichang,Admin,Upazilla,,,,,,,,,,,,
92.00912476,22.24747541,"Chandanaish, Chittagong", Chittagong,Chandanaish,Admin,Upazilla,,,,,,,,,,,,
91.8464756,22.38111106,"Chandgaon, Chittagong", Chittagong,Chandgaon,Admin,Upazilla,,,,,,,,,,,,
91.00559235,23.4922172,"Chandina, Comilla", Comilla,Chandina,Admin,Upazilla,,,,,,,,,,,,
90.65231323,23.23314383,"Chandpur Sadar, Chandpur", Chandpur,Chandpur Sadar,Admin,Upazilla,,,,,,,,,,,,
89.97803434,23.5924941,"Char Bhadrasan, Faridpur", Faridpur,Char Bhadrasan,Admin,Upazilla,,,,,,,,,,,,
90.7649231,22.19884896,"Char Fasson, Bhola", Bhola,Char Fasson,Admin,Upazilla,,,,,,,,,,,,
89.76387168,25.44327494,"Char Rajibpur, Kurigram", Kurigram,Char Rajibpur,Admin,Upazilla,,,,,,,,,,,,
88.74343872,24.29203377,"Charghat, Rajshahi", Rajshahi,Charghat,Admin,Upazilla,,,,,,,,,,,,
90.97503662,23.05572553,"Chatkhil, Noakhali", Noakhali,Chatkhil,Admin,Upazilla,,,,,,,,,,,,
89.30203763,24.22509943,"Chatmohar, Pabna", Pabna,Chatmohar,Admin,Upazilla,,,,,,,,,,,,
91.31629944,23.22872701,"Chauddagram, Comilla", Comilla,Chauddagram,Admin,Upazilla,,,,,,,,,,,,
89.02181494,23.26363767,"Chaugachha, Jessore", Jessore,Chaugachha,Admin,Upazilla,,,,,,,,,,,,
89.75663765,24.1361663,"Chauhali, Sirajganj", Sirajganj,Chauhali,Admin,Upazilla,,,,,,,,,,,,
91.51679993,23.03929775,"Chagalnaiya, Feni", Feni,Chhagalnaiya,Admin,Upazilla,,,,,,,,,,,,
91.65206909,25.04330389,"Chhatak, Sunamganj", Sunamganj,Chhatak,Admin,Upazilla,,,,,,,,,,,,
89.66079712,25.59199418,"Chilmari, Kurigram", Kurigram,Chilmari,Admin,Upazilla,,,,,,,,,,,,
88.77616704,25.65709285,"Chirirbandar, Dinajpur", Dinajpur,Chirirbandar,Admin,Upazilla,,,,,,,,,,,,
89.88052368,22.79010908,"Chitalmari, Bagerhat", Bagerhat,Chitalmari,Admin,Upazilla,,,,,,,,,,,,
91.81523323,22.3234006,"Chittagong Port, Chittagong", Chittagong,Chittagong Port,Admin,Upazilla,,,,,,,,,,,,
88.84779727,23.64012111,"Chuadanga Sadar, Chuadanga", Chuadanga,Chuadanga Sadar,Admin,Upazilla,,,,,,,,,,,,
91.51734478,24.18164677,"Chunarughat, Habiganj", Habiganj,Chunarughat,Admin,Upazilla,,,,,,,,,,,,
91.17115152,23.46979051,"Comilla Adarsha Sadar, Comilla", Comilla,Comilla Adarsha Sadar,Admin,Upazilla,,,,,,,,,,,,
91.18334899,23.35796186,"Comilla Sadar Dakshin, Comilla", Comilla,Comilla Sadar Dakshin,Admin,Upazilla,,,,,,,,,,,,
91.28199732,22.77013089,"Companiganj, Noakhali", Noakhali,Companiganj,Admin,Upazilla,,,,,,,,,,,,
91.77342734,25.07969163,"Companiganj, Sylhet", Sylhet,Companiganj,Admin,Upazilla,,,,,,,,,,,,
89.50527191,22.60228408,"Dacope, Khulna", Khulna,Dacope,Admin,Upazilla,,,,,,,,,,,,
91.31904602,22.91507691,"Daganbhuiyan, Feni", Feni,Daganbhuiyan,Admin,Upazilla,,,,,,,,,,,,
91.41070893,24.91253485,"Dakshin Sunamganj, Sunamganj", Sunamganj,Dakshin Sunamganj,Admin,Upazilla,,,,,,,,,,,,
91.87697556,24.81609568,"Dakshin Surma, Sylhet", Sylhet,Dakshin Surma,Admin,Upazilla,,,,,,,,,,,,
90.42165716,23.13681297,"Damudya, Shariatpur", Shariatpur,Damudya,Admin,Upazilla,,,,,,,,,,,,
88.78738403,23.61181198,"Damurhuda, Chuadanga", Chuadanga,Damurhuda,Admin,Upazilla,,,,,,,,,,,,
90.56167603,22.28655503,"Dashmina, Patuakhali", Patuakhali,Dashmina,Admin,Upazilla,,,,,,,,,,,,
90.72097778,23.54258616,"Daudkandi, Comilla", Comilla,Daudkandi,Admin,Upazilla,,,,,,,,,,,,
90.73608398,22.60640442,"Daulatkhan, Bhola", Bhola,Daulatkhan,Admin,Upazilla,,,,,,,,,,,,
89.7976769,23.95574016,"Daulatpur, Manikganj", Manikganj,Daulatpur,Admin,Upazilla,,,,,,,,,,,,
89.52415466,22.87301196,"Daulatpur, Khulna", Khulna,Daulatpur,Admin,Upazilla,,,,,,,,,,,,
88.8392206,24.02723171,"Daulatpur, Kushtia", Kushtia,Daulatpur,Admin,Upazilla,,,,,,,,,,,,
88.98719788,22.58168054,"Debhata, Satkhira", Satkhira,Debhata,Admin,Upazilla,,,,,,,,,,,,
90.98602295,23.60363265,"Debidwar, Comilla", Comilla,Debidwar,Admin,Upazilla,,,,,,,,,,,,
88.75837326,26.12230531,"Debiganj, Panchagarh", Panchagarh,Debiganj,Admin,Upazilla,,,,,,,,,,,,
89.97528076,24.16930793,"Delduar, Tangail", Tangail,Delduar,Admin,Upazilla,,,,,,,,,,,,
91.336007,24.7874958,"Derai, Sunamganj", Sunamganj,Derai,Admin,Upazilla,,,,,,,,,,,,
89.77924347,25.14466303,"Dewanganj, Jamalpur", Jamalpur,Dewanganj,Admin,Upazilla,,,,,,,,,,,,
88.83682251,25.16144447,"Dhamoirhat, Naogaon", Naogaon,Dhamoirhat,Admin,Upazilla,,,,,,,,,,,,
89.93331719,24.68671865,"Dhanbari, Tangail", Tangail,Dhanbari,Admin,Upazilla,,,,,,,,,,,,
91.04073298,25.01078705,"Dharampasha, Sunamganj", Sunamganj,Dharampasha,Admin,Upazilla,,,,,,,,,,,,
90.44906616,25.11295847,"Dhobaura, Mymensingh", Mymensingh,Dhobaura,Admin,Upazilla,,,,,,,,,,,,
89.55032509,24.68254894,"Dhunat, Bogra", Bogra,Dhunat,Admin,Upazilla,,,,,,,,,,,,
89.18289185,24.87896163,"Dhupchanchia, Bogra", Bogra,Dhupchanchia,Admin,Upazilla,,,,,,,,,,,,
89.53273773,22.89199024,"Dighalia, Khulna", Khulna,Dighalia,Admin,Upazilla,,,,,,,,,,,,
92.04985012,23.3993417,"Dighinala, Khagrachhari", Khagrachhari,Dighinala,Admin,Upazilla,,,,,,,,,,,,
88.94943237,26.14434343,"Dimla, Nilphamari", Nilphamari,Dimla,Admin,Upazilla,,,,,,,,,,,,
88.63461882,25.62610055,"Dinajpur Sadar, Dinajpur", Dinajpur,Dinajpur Sadar,Admin,Upazilla,,,,,,,,,,,,
88.82360458,26.10843304,"Domar, Nilphamari", Nilphamari,Domar,Admin,Upazilla,,,,,,,,,,,,
91.80733681,22.33066534,"Double Mooring, Chittagong", Chittagong,Double Mooring,Admin,Upazilla,,,,,,,,,,,,
91.56256726,25.07176386,"Dowarabazar, Sunamganj", Sunamganj,Dowarabazar,Admin,Upazilla,,,,,,,,,,,,
90.38795471,22.46687836,"Dumki, Patuakhali", Patuakhali,Dumki,Admin,Upazilla,,,,,,,,,,,,
89.41085815,22.82049157,"Dumuria, Khulna", Khulna,Dumuria,Admin,Upazilla,,,,,,,,,,,,
90.68207305,25.08963102,"Durgapur, Netrakona", Netrakona,Durgapur,Admin,Upazilla,,,,,,,,,,,,
88.77124786,24.44464923,"Durgapur, Rajshahi", Rajshahi,Durgapur,Admin,Upazilla,,,,,,,,,,,,
89.7102356,22.78631079,"Fakirhat, Bagerhat", Bagerhat,Fakirhat,Admin,Upazilla,,,,,,,,,,,,
90.75050354,23.12946787,"Faridganj, Chandpur", Chandpur,Faridganj,Admin,Upazilla,,,,,,,,,,,,
89.44887109,24.16066932,"Faridpur, Pabna", Pabna,Faridpur,Admin,Upazilla,,,,,,,,,,,,
89.81650342,23.60472895,"Faridpur Sadar, Faridpur", Faridpur,Faridpur Sadar,Admin,Upazilla,,,,,,,,,,,,
91.73721313,22.75940322,"Fatikchhari, Chittagong", Chittagong,Fatikchhari,Admin,Upazilla,,,,,,,,,,,,
91.96177244,24.69379398,"Fenchuganj, Sylhet", Sylhet,Fenchuganj,Admin,Upazilla,,,,,,,,,,,,
91.39629364,23.01086031,"Feni Sadar, Feni", Feni,Feni Sadar,Admin,Upazilla,,,,,,,,,,,,
88.95561218,25.4996858,"Fulbari, Dinajpur", Dinajpur,Fulbari,Admin,Upazilla,,,,,,,,,,,,
90.27328491,24.65076164,"Fulbaria, Mymensingh", Mymensingh,Fulbaria,Admin,Upazilla,,,,,,,,,,,,
89.65427399,25.24376435,"Fulchhari, Gaibandha", Gaibandha,Fulchhari,Admin,Upazilla,,,,,,,,,,,,
91.4322567,23.15551276,"Fulgazi, Feni", Feni,Fulgazi,Admin,Upazilla,,,,,,,,,,,,
89.46496849,24.88679107,"Gabtali, Bogra", Bogra,Gabtali,Admin,Upazilla,,,,,,,,,,,,
90.54382324,24.46590069,"Gaffargaon, Mymensingh", Mymensingh,Gaffargaon,Admin,Upazilla,,,,,,,,,,,,
89.54544067,25.3353379,"Gaibandha Sadar, Gaibandha", Gaibandha,Gaibandha Sadar,Admin,Upazilla,,,,,,,,,,,,
90.4058075,22.12889905,"Galachipa, Patuakhali", Patuakhali,Galachipa,Admin,Upazilla,,,,,,,,,,,,
89.19339087,25.87421794,"Gangachara, Rangpur", Rangpur,Gangachara,Admin,Upazilla,,,,,,,,,,,,
88.74481201,23.82555131,"Gangni, Meherpur", Meherpur,Gangni,Admin,Upazilla,,,,,,,,,,,,
90.56716919,24.77301925,"Gauripur, Mymensingh", Mymensingh,Gauripur,Admin,Upazilla,,,,,,,,,,,,
90.23002625,22.98304902,"Gaurnadi, Barisal", Barisal,Gaurnadi,Admin,Upazilla,,,,,,,,,,,,
90.65299988,23.56209895,"Gazaria, Munshiganj", Munshiganj,Gazaria,Admin,Upazilla,,,,,,,,,,,,
90.42178014,23.99644662,"Gazipur Sadar, Gazipur", Gazipur,Gazipur Sadar,Admin,Upazilla,,,,,,,,,,,,
89.97116089,24.484649,"Ghatail, Tangail", Tangail,Ghatail,Admin,Upazilla,,,,,,,,,,,,
89.86679077,23.89964938,"Ghior, Manikganj", Manikganj,Ghior,Admin,Upazilla,,,,,,,,,,,,
89.25601959,25.26767326,"Ghoraghat, Dinajpur", Dinajpur,Ghoraghat,Admin,Upazilla,,,,,,,,,,,,
89.76609629,23.75635443,"Goalandaghat, Rajbari", Rajbari,Goalandaghat,Admin,Upazilla,,,,,,,,,,,,
89.36914558,25.15710178,"Gobindaganj, Gaibandha", Gaibandha,Gobindaganj,Admin,Upazilla,,,,,,,,,,,,
88.33007813,24.46152568,"Godagari, Rajshahi", Rajshahi,Godagari,Admin,Upazilla,,,,,,,,,,,,
92.00775146,24.86401056,"Golabganj, Sylhet", Sylhet,Golabganj,Admin,Upazilla,,,,,,,,,,,,
88.29986572,24.79920168,"Gomastapur, Nawabganj", Nawabganj,Gomastapur,Admin,Upazilla,,,,,,,,,,,,
89.81872559,23.01402032,"Gopalganj Sadar, Gopalganj", Gopalganj,Gopalganj Sadar,Admin,Upazilla,,,,,,,,,,,,
89.92240906,24.56773284,"Gopalpur, Tangail", Tangail,Gopalpur,Admin,Upazilla,,,,,,,,,,,,
90.44873166,23.07906148,"Gosairhat, Shariatpur", Shariatpur,Gosairhat,Admin,Upazilla,,,,,,,,,,,,
91.9583378,25.08314978,"Gowainghat, Sylhet", Sylhet,Gowainghat,Admin,Upazilla,,,,,,,,,,,,
89.20284924,24.37279303,"Gurudaspur, Natore", Natore,Gurudaspur,Admin,Upazilla,,,,,,,,,,,,
91.41427385,24.33592259,"Habiganj Sadar, Habiganj", Habiganj,Habiganj Sadar,Admin,Upazilla,,,,,,,,,,,,
90.66055298,23.09994421,"Haim Char, Chandpur", Chandpur,Haim Char,Admin,Upazilla,,,,,,,,,,,,
90.85075378,23.26153417,"Hajiganj, Chandpur", Chandpur,Hajiganj,Admin,Upazilla,,,,,,,,,,,,
89.01174545,25.27543489,"Hakimpur, Dinajpur", Dinajpur,Hakimpur,Admin,Upazilla,,,,,,,,,,,,
91.77763939,22.31895424,"Halishahar, Chittagong", Chittagong,Halishahar,Admin,Upazilla,,,,,,,,,,,,
90.35132733,25.08464927,"Haluaghat, Mymensingh", Mymensingh,Haluaghat,Admin,Upazilla,,,,,,,,,,,,
89.04865492,23.65065683,"Harinakunda, Jhenaidah", Jhenaidah,Harinakunda,Admin,Upazilla,,,,,,,,,,,,
88.12065125,25.84130337,"Haripur, Thakurgaon", Thakurgaon,Haripur,Admin,Upazilla,,,,,,,,,,,,
89.9478496,23.72417937,"Harirampur, Manikganj", Manikganj,Harirampur,Admin,Upazilla,,,,,,,,,,,,
91.80862427,22.50875098,"Hathazari, Chittagong", Chittagong,Hathazari,Admin,Upazilla,,,,,,,,,,,,
89.13002014,26.14989083,"Hatibandha, Lalmonirhat", Lalmonirhat,Hatibandha,Admin,Upazilla,,,,,,,,,,,,
91.14051819,22.28846108,"Hatiya, Noakhali", Noakhali,Hatiya,Admin,Upazilla,,,,,,,,,,,,
90.52195182,22.95620984,"Hizla, Barisal", Barisal,Hizla,Admin,Upazilla,,,,,,,,,,,,
90.77796936,23.69734974,"Homna, Comilla", Comilla,Homna,Admin,Upazilla,,,,,,,,,,,,
90.66284162,24.44881179,"Hossainpur, Kishoreganj", Kishoreganj,Hossainpur,Admin,Upazilla,,,,,,,,,,,,
89.06066895,24.13547494,"Ishwardi, Pabna", Pabna,Ishwardi,Admin,Upazilla,,,,,,,,,,,,
90.59326172,24.69131955,"Ishwarganj, Mymensingh", Mymensingh,Ishwarganj,Admin,Upazilla,,,,,,,,,,,,
89.76997375,25.10860622,"Islampur, Jamalpur", Jamalpur,Islampur,Admin,Upazilla,,,,,,,,,,,,
91.11236572,24.54712318,"Itna, Kishoreganj", Kishoreganj,Itna,Admin,Upazilla,,,,,,,,,,,,
91.55044556,24.79172155,"Jagannathpur, Sunamganj", Sunamganj,Jagannathpur,Admin,Upazilla,,,,,,,,,,,,
92.10140913,25.05642331,"Jaintiapur, Sylhet", Sylhet,Jaintiapur,Admin,Upazilla,,,,,,,,,,,,
88.9934358,26.0295005,"Jaldhaka, Nilphamari", Nilphamari,Jaldhaka,Admin,Upazilla,,,,,,,,,,,,
91.22360229,25.0034835,"Jamalganj, Sunamganj", Sunamganj,Jamalganj,Admin,Upazilla,,,,,,,,,,,,
89.94438171,24.93065348,"Jamalpur Sadar, Jamalpur", Jamalpur,Jamalpur Sadar,Admin,Upazilla,,,,,,,,,,,,
90.18814087,22.65330418,"Jhalokati Sadar, Jhalokati", Jhalokati,Jhalokati Sadar,Admin,Upazilla,,,,,,,,,,,,
89.16778564,23.56272834,"Jhenaidah Sadar, Jhenaidah", Jhenaidah,Jhenaidah Sadar,Admin,Upazilla,,,,,,,,,,,,
90.10505676,25.17884501,"Jhenaigati, Sherpur", Sherpur,Jhenaigati,Admin,Upazilla,,,,,,,,,,,,
89.09843445,23.10278634,"Jhikargachha, Jessore", Jessore,Jhikargachha,Admin,Upazilla,,,,,,,,,,,,
88.84919677,23.44108009,"Jiban Nagar, Chuadanga", Chuadanga,Jiban Nagar,Admin,Upazilla,,,,,,,,,,,,
89.01996546,25.1056102,"Joypurhat Sadar, Joypurhat", Joypurhat,Joypurhat Sadar,Admin,Upazilla,,,,,,,,,,,,
92.42251418,22.63088259,"Jurai Chhari, Rangamati", Rangamati,Jurai Chhari,Admin,Upazilla,,,,,,,,,,,,
92.14322443,24.55313061,"Juri, Maulvibazar", Maulvibazar,Juri,Admin,Upazilla,,,,,,,,,,,,
91.19476318,22.79643932,"Kabirhat, Noakhali", Noakhali,Kabirhat,Admin,Upazilla,,,,,,,,,,,,
90.88027954,23.34351672,"Kachua, Chandpur", Chandpur,Kachua,Admin,Upazilla,,,,,,,,,,,,
89.87476886,22.65227161,"Kachua, Bagerhat", Bagerhat,Kachua,Admin,Upazilla,,,,,,,,,,,,
89.2666626,24.82911768,"Kahaloo, Bogra", Bogra,Kahaloo,Admin,Upazilla,,,,,,,,,,,,
88.65829468,25.80978198,"Kaharole, Dinajpur", Dinajpur,Kaharole,Admin,Upazilla,,,,,,,,,,,,
90.22109985,21.99271521,"Kala Para, Patuakhali", Patuakhali,Kala Para,Admin,Upazilla,,,,,,,,,,,,
89.16778564,25.06320924,"Kalai, Joypurhat", Joypurhat,Kalai,Admin,Upazilla,,,,,,,,,,,,
89.03800964,22.86099101,"Kalaroa, Satkhira", Satkhira,Kalaroa,Admin,Upazilla,,,,,,,,,,,,
89.6257782,23.03613833,"Kalia, Narail", Narail,Kalia,Admin,Upazilla,,,,,,,,,,,,
90.21011353,24.07405146,"Kaliakair, Gazipur", Gazipur,Kaliakair,Admin,Upazilla,,,,,,,,,,,,
90.55492731,23.96426829,"Kaliganj, Gazipur", Gazipur,Kaliganj,Admin,Upazilla,,,,,,,,,,,,
89.13551331,23.41095672,"Kaliganj, Jhenaidah", Jhenaidah,Kaliganj,Admin,Upazilla,,,,,,,,,,,,
89.0222168,22.46941646,"Kaliganj, Satkhira", Satkhira,Kaliganj,Admin,Upazilla,,,,,,,,,,,,
89.19662476,25.98397149,"Kaliganj, Lalmonirhat", Lalmonirhat,Kaliganj,Admin,Upazilla,,,,,,,,,,,,
89.98901367,24.40651263,"Kalihati, Tangail", Tangail,Kalihati,Admin,Upazilla,,,,,,,,,,,,
90.21903992,23.08162681,"Kalkini, Madaripur", Madaripur,Kalkini,Admin,Upazilla,,,,,,,,,,,,
90.85727588,25.07688513,"Kalmakanda, Netrakona", Netrakona,Kalmakanda,Admin,Upazilla,,,,,,,,,,,,
89.47418064,23.74098929,"Kalukhali, Rajbari", Rajbari,Kalukhali,Admin,Upazilla,,,,,,,,,,,,
91.85922101,24.31567868,"Kamalganj, Maulvibazar", Maulvibazar,Kamalganj,Admin,Upazilla,,,,,,,,,,,,
90.86531899,22.76753688,"Kamalnagar, Lakshmipur", Lakshmipur,Kamalnagar,Admin,Upazilla,,,,,,,,,,,,
89.64354718,24.3750037,"Kamarkhanda, Sirajganj", Sirajganj,Kamarkhanda,Admin,Upazilla,,,,,,,,,,,,
92.21807181,24.99353314,"Kanaighat, Sylhet", Sylhet,Kanaighat,Admin,Upazilla,,,,,,,,,,,,
90.10231872,22.42027465,"Kanthalia, Jhalokati", Jhalokati,Kanthalia,Admin,Upazilla,,,,,,,,,,,,
90.55892944,24.12106187,"Kapasia, Gazipur", Gazipur,Kapasia,Admin,Upazilla,,,,,,,,,,,,
92.19350177,22.45980354,"Kaptai, Rangamati", Rangamati,Kaptai,Admin,Upazilla,,,,,,,,,,,,
90.85830688,24.47590014,"Karimganj, Kishoreganj", Kishoreganj,Karimganj,Admin,Upazilla,,,,,,,,,,,,
91.12060547,23.74449735,"Kasba, Brahamanbaria", Brahamanbaria,Kasba,Admin,Upazilla,,,,,,,,,,,,
89.79627085,23.19072359,"Kashiani, Gopalganj", Gopalganj,Kashiani,Admin,Upazilla,,,,,,,,,,,,
90.7951355,24.25885937,"Katiadi, Kishoreganj", Kishoreganj,Katiadi,Admin,Upazilla,,,,,,,,,,,,
89.41223145,25.78505344,"Kaunia, Rangpur", Rangpur,Kaunia,Admin,Upazilla,,,,,,,,,,,,
90.05355835,22.63175763,"Kawkhali, Pirojpur", Pirojpur,Kawkhali,Admin,Upazilla,,,,,,,,,,,,
92.00958156,22.62078337,"Kawkhali (Betbunia), Rangamati", Rangamati,Kawkhali (Betbunia),Admin,Upazilla,,,,,,,,,,,,
89.68730306,24.67022252,"Kazipur, Sirajganj", Sirajganj,Kazipur,Admin,Upazilla,,,,,,,,,,,,
90.8028899,24.67732171,"Kendua, Netrakona", Netrakona,Kendua,Admin,Upazilla,,,,,,,,,,,,
89.2199707,22.91159835,"Keshabpur, Jessore", Jessore,Keshabpur,Admin,Upazilla,,,,,,,,,,,,
91.990242,23.11257545,"Khagrachhari Sadar, Khagrachhari", Khagrachhari,Khagrachhari Sadar,Admin,Upazilla,,,,,,,,,,,,
91.12130828,24.70235966,"Khaliajuri, Netrakona", Netrakona,Khaliajuri,Admin,Upazilla,,,,,,,,,,,,
89.53634112,22.84975502,"Khalishpur, Khulna", Khulna,Khalishpur,Admin,Upazilla,,,,,,,,,,,,
89.49043014,22.91676135,"Khan Jahan Ali, Khulna", Khulna,Khan Jahan Ali,Admin,Upazilla,,,,,,,,,,,,
88.72970581,25.93211215,"Khansama, Dinajpur", Dinajpur,Khansama,Admin,Upazilla,,,,,,,,,,,,
89.10839081,25.03926023,"Khetlal, Joypurhat", Joypurhat,Khetlal,Admin,Upazilla,,,,,,,,,,,,
89.26940918,23.81173173,"Khoksa, Kushtia", Kushtia,Khoksa,Admin,Upazilla,,,,,,,,,,,,
89.56535339,22.82080802,"Khulna Sadar, Khulna", Khulna,Khulna Sadar,Admin,Upazilla,,,,,,,,,,,,
91.81416035,22.35979987,"Khulshi, Chittagong", Chittagong,Khulshi,Admin,Upazilla,,,,,,,,,,,,
89.03286574,25.89602858,"Kishoreganj, Nilphamari", Nilphamari,Kishoreganj,Admin,Upazilla,,,,,,,,,,,,
90.78334692,24.4237796,"Kishoreganj Sadar, Kishoreganj", Kishoreganj,Kishoreganj Sadar,Admin,Upazilla,,,,,,,,,,,,
90.00343323,22.99379497,"Kotali Para, Gopalganj", Gopalganj,Kotali Para,Admin,Upazilla,,,,,,,,,,,,
89.01397705,23.42166832,"Kotchandpur, Jhenaidah", Jhenaidah,Kotchandpur,Admin,Upazilla,,,,,,,,,,,,
91.82561874,22.34301055,"Kotwali, Chittagong", Chittagong,Kotwali,Admin,Upazilla,,,,,,,,,,,,
89.2193075,23.18195557,"Kotwali, Jessore", Jessore,Kotwali,Admin,Upazilla,,,,,,,,,,,,
89.38217953,22.14554817,"Koyra, Khulna", Khulna,Koyra,Admin,Upazilla,,,,,,,,,,,,
92.01234154,24.49029207,"Kulaura, Maulvibazar", Maulvibazar,Kulaura,Admin,Upazilla,,,,,,,,,,,,
90.93383789,24.15677823,"Kuliar Char, Kishoreganj", Kishoreganj,Kuliar Char,Admin,Upazilla,,,,,,,,,,,,
89.2364502,23.87076873,"Kumarkhali, Kushtia", Kushtia,Kumarkhali,Admin,Upazilla,,,,,,,,,,,,
89.6333313,25.82090813,"Kurigram Sadar, Kurigram", Kurigram,Kurigram Sadar,Admin,Upazilla,,,,,,,,,,,,
89.08963001,23.82225798,"Kushtia Sadar, Kushtia", Kushtia,Kushtia Sadar,Admin,Upazilla,,,,,,,,,,,,
91.24969482,24.29453714,"Lakhai, Habiganj", Habiganj,Lakhai,Admin,Upazilla,,,,,,,,,,,,
91.12163544,23.23850691,"Laksam, Comilla", Comilla,Laksam,Admin,Upazilla,,,,,,,,,,,,
91.92905979,22.78495761,"Lakshmichhari, Khagrachhari", Khagrachhari,Lakshmichhari,Admin,Upazilla,,,,,,,,,,,,
90.82706451,22.9473284,"Lakshmipur Sadar, Lakshmipur", Lakshmipur,Lakshmipur Sadar,Admin,Upazilla,,,,,,,,,,,,
90.72784424,22.34563029,"Lalmohan, Bhola", Bhola,Lalmohan,Admin,Upazilla,,,,,,,,,,,,
89.44450378,25.92161402,"Lalmonirhat Sadar, Lalmonirhat", Lalmonirhat,Lalmonirhat Sadar,Admin,Upazilla,,,,,,,,,,,,
88.95492554,24.19060558,"Lalpur, Natore", Natore,Lalpur,Admin,Upazilla,,,,,,,,,,,,
92.20760567,21.81797369,"Lama, Bandarban", Bandarban,Lama,Admin,Upazilla,,,,,,,,,,,,
92.20883111,22.95058175,"Langadu, Rangamati", Rangamati,Langadu,Admin,Upazilla,,,,,,,,,,,,
92.0942688,22.0436404,"Lohagara, Chittagong", Chittagong,Lohagara,Admin,Upazilla,,,,,,,,,,,,
89.65092659,23.18896907,"Lohagara, Narail", Narail,Lohagara,Admin,Upazilla,,,,,,,,,,,,
90.34135049,23.47058112,"Lohajang, Munshiganj", Munshiganj,Lohajang,Admin,Upazilla,,,,,,,,,,,,
90.9475708,24.72126155,"Madan, Netrakona", Netrakona,Madan,Admin,Upazilla,,,,,,,,,,,,
89.74082342,24.88189278,"Madarganj, Jamalpur", Jamalpur,Madarganj,Admin,Upazilla,,,,,,,,,,,,
90.2066803,23.17382008,"Madaripur Sadar, Madaripur", Madaripur,Madaripur Sadar,Admin,Upazilla,,,,,,,,,,,,
91.34146541,24.1204737,"Madhabpur, Habiganj", Habiganj,Madhabpur,Admin,Upazilla,,,,,,,,,,,,
89.61204469,23.54092629,"Madhukhali, Faridpur", Faridpur,Madhukhali,Admin,Upazilla,,,,,,,,,,,,
90.06022788,24.65019177,"Madhupur, Tangail", Tangail,Madhupur,Admin,Upazilla,,,,,,,,,,,,
89.41772461,23.4922172,"Magura Sadar, Magura", Magura,Magura Sadar,Admin,Upazilla,,,,,,,,,,,,
88.75305176,24.92131319,"Mahadebpur, Naogaon", Naogaon,Mahadebpur,Admin,Upazilla,,,,,,,,,,,,
92.03041077,22.93341693,"Mahalchhari, Khagrachhari", Khagrachhari,Mahalchhari,Admin,Upazilla,,,,,,,,,,,,
88.8578449,23.31967934,"Maheshpur, Jhenaidah", Jhenaidah,Maheshpur,Admin,Upazilla,,,,,,,,,,,,
88.712988,24.74434348,"Manda, Naogaon", Naogaon,Manda,Admin,Upazilla,,,,,,,,,,,,
91.83677673,22.841692,"Manikchhari, Khagrachhari", Khagrachhari,Manikchhari,Admin,Upazilla,,,,,,,,,,,,
90.00823975,23.85946585,"Manikganj Sadar, Manikganj", Manikganj,Manikganj Sadar,Admin,Upazilla,,,,,,,,,,,,
89.23748016,23.02539575,"Manirampur, Jessore", Jessore,Manirampur,Admin,Upazilla,,,,,,,,,,,,
90.73048334,24.16077909,"Manohardi, Narsingdi", Narsingdi,Manohardi,Admin,Upazilla,,,,,,,,,,,,
91.06189728,23.1684544,"Manoharganj, Comilla", Comilla,Manoharganj,Admin,Upazilla,,,,,,,,,,,,
90.95581055,22.19948471,"Monpura, Bhola", Bhola,Manpura,Admin,Upazilla,,,,,,,,,,,,
89.9505855,22.28518498,"Mathbaria, Pirojpur", Pirojpur,Mathbaria,Admin,Upazilla,,,,,,,,,,,,
88.64697529,24.36767389,"Matihar, Rajshahi", Rajshahi,Matihar,Admin,Upazilla,,,,,,,,,,,,
91.8724823,23.04498451,"Matiranga, Khagrachhari", Khagrachhari,Matiranga,Admin,Upazilla,,,,,,,,,,,,
90.74691977,23.34977277,"Matlab Dakshin, Chandpur", Chandpur,Matlab Dakshin,Admin,Upazilla,,,,,,,,,,,,
90.64198024,23.41360857,"Matlab Uttar, Chandpur", Chandpur,Matlab Uttar,Admin,Upazilla,,,,,,,,,,,,
91.71231676,24.49952455,"Maulvi Bazar Sadar, Maulvibazar", Maulvibazar,Maulvi Bazar Sadar,Admin,Upazilla,,,,,,,,,,,,
90.7106781,23.63886305,"Meghna, Comilla", Comilla,Meghna,Admin,Upazilla,,,,,,,,,,,,
90.50760706,22.81922407,"Mehendiganj, Barisal", Barisal,Mehendiganj,Admin,Upazilla,,,,,,,,,,,,
88.66110477,23.76629979,"Meherpur Sadar, Meherpur", Meherpur,Meherpur Sadar,Admin,Upazilla,,,,,,,,,,,,
89.82627869,24.98605802,"Melandaha, Jamalpur", Jamalpur,Melandaha,Admin,Upazilla,,,,,,,,,,,,
88.98965985,23.89599287,"Mirpur, Kushtia", Kushtia,Mirpur,Admin,Upazilla,,,,,,,,,,,,
91.57241821,22.77744771,"Mirsharai, Chittagong", Chittagong,Mirsharai,Admin,Upazilla,,,,,,,,,,,,
90.21663023,22.35679305,"Mirzaganj, Patuakhali", Patuakhali,Mirzaganj,Admin,Upazilla,,,,,,,,,,,,
90.10718555,24.11593039,"Mirzapur, Tangail", Tangail,Mirzapur,Admin,Upazilla,,,,,,,,,,,,
89.2719841,25.57325947,"Mitha Pukur, Rangpur", Rangpur,Mitha Pukur,Admin,Upazilla,,,,,,,,,,,,
91.0697937,24.41839248,"Mithamain, Kishoreganj", Kishoreganj,Mithamain,Admin,Upazilla,,,,,,,,,,,,
89.58286285,23.40055933,"Mohammadpur, Magura", Magura,Mohammadpur,Admin,Upazilla,,,,,,,,,,,,
90.96817017,24.88643649,"Mohanganj, Netrakona", Netrakona,Mohanganj,Admin,Upazilla,,,,,,,,,,,,
88.64033495,24.55361138,"Mohanpur, Rajshahi", Rajshahi,Mohanpur,Admin,Upazilla,,,,,,,,,,,,
89.77330485,22.88268455,"Mollahat, Bagerhat", Bagerhat,Mollahat,Admin,Upazilla,,,,,,,,,,,,
89.65444499,22.12705444,"Mongla, Bagerhat", Bagerhat,Mongla,Admin,Upazilla,,,,,,,,,,,,
89.83364663,22.48381803,"Morrelganj, Bagerhat", Bagerhat,Morrelganj,Admin,Upazilla,,,,,,,,,,,,
88.62138689,23.66837762,"Mujib Nagar, Meherpur", Meherpur,Mujib Nagar,Admin,Upazilla,,,,,,,,,,,,
89.86829371,23.31804054,"Muksudpur, Gopalganj", Gopalganj,Muksudpur,Admin,Upazilla,,,,,,,,,,,,
90.259552,24.76740801,"Muktagachha, Mymensingh", Mymensingh,Muktagachha,Admin,Upazilla,,,,,,,,,,,,
90.41061401,22.91665804,"Muladi, Barisal", Barisal,Muladi,Admin,Upazilla,,,,,,,,,,,,
90.53300858,23.54749987,"Munshiganj Sadar, Munshiganj", Munshiganj,Munshiganj Sadar,Admin,Upazilla,,,,,,,,,,,,
90.93194962,23.63886305,"Muradnagar, Comilla", Comilla,Muradnagar,Admin,Upazilla,,,,,,,,,,,,
90.4133606,24.75556123,"Mymensingh Sadar, Mymensingh", Mymensingh,Mymensingh Sadar,Admin,Upazilla,,,,,,,,,,,,
91.54450071,24.56961534,"Nabiganj, Habiganj", Habiganj,Nabiganj,Admin,Upazilla,,,,,,,,,,,,
90.95443726,23.88458202,"Nabinagar, Brahamanbaria", Brahamanbaria,Nabinagar,Admin,Upazilla,,,,,,,,,,,,
88.42071533,24.73435891,"Nachole, Nawabganj", Nawabganj,Nachole,Admin,Upazilla,,,,,,,,,,,,
89.89428164,23.4372444,"Nagarkanda, Faridpur", Faridpur,Nagarkanda,Admin,Upazilla,,,,,,,,,,,,
89.87411245,24.04770487,"Nagarpur, Tangail", Tangail,Nagarpur,Admin,Upazilla,,,,,,,,,,,,
89.68551636,25.97532985,"Nageshwari, Kurigram", Kurigram,Nageshwari,Admin,Upazilla,,,,,,,,,,,,
92.22875138,21.46898982,"Naikhongchhari, Bandarban", Bandarban,Naikhongchhari,Admin,Upazilla,,,,,,,,,,,,
90.18370324,24.95677188,"Nakla, Sherpur", Sherpur,Nakla,Admin,Upazilla,,,,,,,,,,,,
90.26985168,22.64063015,"Nalchity, Jhalokati", Jhalokati,Nalchity,Admin,Upazilla,,,,,,,,,,,,
90.19088745,25.08995197,"Nalitabari, Sherpur", Sherpur,Nalitabari,Admin,Upazilla,,,,,,,,,,,,
90.68389893,24.57959747,"Nandail, Mymensingh", Mymensingh,Nandail,Admin,Upazilla,,,,,,,,,,,,
89.24057007,24.64202436,"Nandigram, Bogra", Bogra,Nandigram,Admin,Upazilla,,,,,,,,,,,,
91.19922638,23.17255759,"Nangalkot, Comilla", Comilla,Nangalkot,Admin,Upazilla,,,,,,,,,,,,
92.10834503,22.86194007,"Naniarchar, Rangamati", Rangamati,Naniarchar,Admin,Upazilla,,,,,,,,,,,,
88.94256592,24.81540708,"Naogaon Sadar, Naogaon", Naogaon,Naogaon Sadar,Admin,Upazilla,,,,,,,,,,,,
89.5035553,23.17950116,"Narail Sadar, Narail", Narail,Narail Sadar,Admin,Upazilla,,,,,,,,,,,,
90.48106838,23.62748029,"Narayanganj Sadar, Narayanganj", Narayanganj,Narayanganj Sadar,Admin,Upazilla,,,,,,,,,,,,
90.42739928,23.30467266,"Naria, Shariatpur", Shariatpur,Naria,Admin,Upazilla,,,,,,,,,,,,
90.70724487,23.91220417,"Narsingdi Sadar, Narsingdi", Narsingdi,Narsingdi Sadar,Admin,Upazilla,,,,,,,,,,,,
91.18752102,24.18223911,"Nasirnagar, Brahamanbaria", Brahamanbaria,Nasirnagar,Admin,Upazilla,,,,,,,,,,,,
88.97827148,24.42714534,"Natore Sadar, Natore", Natore,Natore Sadar,Admin,Upazilla,,,,,,,,,,,,
89.09167072,25.42045018,"Nawabganj, Dinajpur", Dinajpur,Nawabganj,Admin,Upazilla,,,,,,,,,,,,
88.2572937,24.60207474,"Nawabganj Sadar, Nawabganj", Nawabganj,Nawabganj Sadar,Admin,Upazilla,,,,,,,,,,,,
89.95193481,22.73945655,"Nazirpur, Pirojpur", Pirojpur,Nazirpur,Admin,Upazilla,,,,,,,,,,,,
90.08568012,22.7225493,"Nesarabad (Swarupkati), Pirojpur", Pirojpur,Nesarabad (Swarupkati),Admin,Upazilla,,,,,,,,,,,,
90.73737395,24.88675568,"Netrokona Sadar, Netrakona", Netrakona,Netrokona Sadar,Admin,Upazilla,,,,,,,,,,,,
88.55151999,24.82844726,"Niamatpur, Naogaon", Naogaon,Niamatpur,Admin,Upazilla,,,,,,,,,,,,
90.93933105,24.33771261,"Nikli, Kishoreganj", Kishoreganj,Nikli,Admin,Upazilla,,,,,,,,,,,,
88.85487975,25.94166685,"Nilphamari Sadar, Nilphamari", Nilphamari,Nilphamari Sadar,Admin,Upazilla,,,,,,,,,,,,
91.09863281,22.8242889,"Noakhali Sadar (Sudharam), Noakhali", Noakhali,Noakhali Sadar (Sudharam),Admin,Upazilla,,,,,,,,,,,,
88.6435318,24.43777299,"Paba, Rajshahi", Rajshahi,Paba,Admin,Upazilla,,,,,,,,,,,,
89.24468994,24.01636182,"Pabna Sadar, Pabna", Pabna,Pabna Sadar,Admin,Upazilla,,,,,,,,,,,,
91.79265976,22.35110778,"Pahartali, Chittagong", Chittagong,Pahartali,Admin,Upazilla,,,,,,,,,,,,
89.31850433,22.59087327,"Paikgachha, Khulna", Khulna,Paikgachha,Admin,Upazilla,,,,,,,,,,,,
90.6926805,24.32068927,"Pakundia, Kishoreganj", Kishoreganj,Pakundia,Admin,Upazilla,,,,,,,,,,,,
90.64930213,23.95380403,"Palash, Narsingdi", Narsingdi,Palash,Admin,Upazilla,,,,,,,,,,,,
89.35043335,25.28102295,"Palashbari, Gaibandha", Gaibandha,Palashbari,Admin,Upazilla,,,,,,,,,,,,
88.5484314,26.33772997,"Panchagarh Sadar, Panchagarh", Panchagarh,Panchagarh Sadar,Admin,Upazilla,,,,,,,,,,,,
89.01809692,25.18878706,"Panchbibi, Joypurhat", Joypurhat,Panchbibi,Admin,Upazilla,,,,,,,,,,,,
91.91014852,23.31978078,"Panchhari, Khagrachhari", Khagrachhari,Panchhari,Admin,Upazilla,,,,,,,,,,,,
91.83377266,22.36309399,"Panchlaish, Chittagong", Chittagong,Panchlaish,Admin,Upazilla,,,,,,,,,,,,
89.40811157,23.79791067,"Pangsha, Rajbari", Rajbari,Pangsha,Admin,Upazilla,,,,,,,,,,,,
88.9162159,25.65839359,"Parbatipur, Dinajpur", Dinajpur,Parbatipur,Admin,Upazilla,,,,,,,,,,,,
91.43955231,23.21673777,"Parshuram, Feni", Feni,Parshuram,Admin,Upazilla,,,,,,,,,,,,
91.79585551,22.26294647,"Patenga, Chittagong", Chittagong,Patenga,Admin,Upazilla,,,,,,,,,,,,
89.00917053,26.36111159,"Patgram, Lalmonirhat", Lalmonirhat,Patgram,Admin,Upazilla,,,,,,,,,,,,
89.96360779,22.04300395,"Patharghata, Barguna", Barguna,Patharghata,Admin,Upazilla,,,,,,,,,,,,
91.9751358,22.29544968,"Patiya, Chittagong", Chittagong,Patiya,Admin,Upazilla,,,,,,,,,,,,
88.76266479,25.04952466,"Patnitala, Naogaon", Naogaon,Patnitala,Admin,Upazilla,,,,,,,,,,,,
90.32958984,22.37039634,"Patuakhali Sadar, Patuakhali", Patuakhali,Patuakhali Sadar,Admin,Upazilla,,,,,,,,,,,,
89.54956055,25.95125337,"Phulbari, Kurigram", Kurigram,Phulbari,Admin,Upazilla,,,,,,,,,,,,
90.35705566,24.95742508,"Phulpur, Mymensingh", Mymensingh,Phulpur,Admin,Upazilla,,,,,,,,,,,,
89.44656372,22.97356659,"Phultala, Khulna", Khulna,Phultala,Admin,Upazilla,,,,,,,,,,,,
89.42005497,25.66507663,"Pirgachha, Rangpur", Rangpur,Pirgachha,Admin,Upazilla,,,,,,,,,,,,
89.31747437,25.42219112,"Pirganj, Rangpur", Rangpur,Pirganj,Admin,Upazilla,,,,,,,,,,,,
88.36174294,25.85230708,"Pirganj, Thakurgaon", Thakurgaon,Pirganj,Admin,Upazilla,,,,,,,,,,,,
89.96807098,22.58104654,"Pirojpur Sadar, Pirojpur", Pirojpur,Pirojpur Sadar,Admin,Upazilla,,,,,,,,,,,,
88.44818115,25.03583856,"Porsha, Naogaon", Naogaon,Porsha,Admin,Upazilla,,,,,,,,,,,,
90.60974121,24.95368986,"Purbadhala, Netrakona", Netrakona,Purbadhala,Admin,Upazilla,,,,,,,,,,,,
88.83647919,24.36617534,"Puthia, Rajshahi", Rajshahi,Puthia,Admin,Upazilla,,,,,,,,,,,,
90.13183594,22.57470634,"Rajapur, Jhalokati", Jhalokati,Rajapur,Admin,Upazilla,,,,,,,,,,,,
89.54372406,25.79927298,"Rajarhat, Kurigram", Kurigram,Rajarhat,Admin,Upazilla,,,,,,,,,,,,
92.24170233,22.37849123,"Rajasthali, Rangamati", Rangamati,Rajasthali,Admin,Upazilla,,,,,,,,,,,,
89.65409086,23.71747587,"Rajbari Sadar, Rajbari", Rajbari,Rajbari Sadar,Admin,Upazilla,,,,,,,,,,,,
91.86085613,24.56527025,"Rajnagar, Maulvibazar", Maulvibazar,Rajnagar,Admin,Upazilla,,,,,,,,,,,,
90.02059937,23.23125092,"Rajoir, Madaripur", Madaripur,Rajoir,Admin,Upazilla,,,,,,,,,,,,
88.57212067,24.37407183,"Rajpara, Rajshahi", Rajshahi,Rajpara,Admin,Upazilla,,,,,,,,,,,,
90.85762024,23.10120739,"Ramganj, Lakshmipur", Lakshmipur,Ramganj,Admin,Upazilla,,,,,,,,,,,,
91.83119903,22.9349822,"Ramgarh, Khagrachhari", Khagrachhari,Ramgarh,Admin,Upazilla,,,,,,,,,,,,
90.99082947,22.59372606,"Ramgati, Lakshmipur", Lakshmipur,Ramgati,Admin,Upazilla,,,,,,,,,,,,
89.67247009,22.58516751,"Rampal, Bagerhat", Bagerhat,Rampal,Admin,Upazilla,,,,,,,,,,,,
92.19887072,22.63660465,"Rangamati Sadar, Rangamati", Rangamati,Rangamati Sadar,Admin,Upazilla,,,,,,,,,,,,
89.2364502,25.76650366,"Rangpur Sadar, Rangpur", Rangpur,Rangpur Sadar,Admin,Upazilla,,,,,,,,,,,,
92.05032349,22.47100275,"Rangunia, Chittagong", Chittagong,Rangunia,Admin,Upazilla,,,,,,,,,,,,
88.95217896,24.73934801,"Raninagar, Naogaon", Naogaon,Raninagar,Admin,Upazilla,,,,,,,,,,,,
88.2542789,25.9016959,"Ranisankail, Thakurgaon", Thakurgaon,Ranisankail,Admin,Upazilla,,,,,,,,,,,,
91.9169079,22.52077955,"Raozan, Chittagong", Chittagong,Raozan,Admin,Upazilla,,,,,,,,,,,,
89.83177185,25.57960793,"Raumari, Kurigram", Kurigram,Raumari,Admin,Upazilla,,,,,,,,,,,,
92.33992843,22.2093588,"Rowangchhari, Bandarban", Bandarban,Rowangchhari,Admin,Upazilla,,,,,,,,,,,,
89.51566875,24.49221525,"Royganj, Sirajganj", Sirajganj,Royganj,Admin,Upazilla,,,,,,,,,,,,
90.7309685,22.99986038,"Roypur, Lakshmipur", Lakshmipur,Roypur,Admin,Upazilla,,,,,,,,,,,,
90.8751297,23.99283959,"Roypura, Narsingdi", Narsingdi,Roypura,Admin,Upazilla,,,,,,,,,,,,
92.4066925,22.05191402,"Ruma, Bandarban", Bandarban,Ruma,Admin,Upazilla,,,,,,,,,,,,
90.52391052,23.80230844,"Rupganj, Narayanganj", Narayanganj,Rupganj,Admin,Upazilla,,,,,,,,,,,,
89.63615935,22.8200939,"Rupsa, Khulna", Khulna,Rupsa,Admin,Upazilla,,,,,,,,,,,,
90.05249951,23.49585155,"Sadarpur, Faridpur", Faridpur,Sadarpur,Admin,Upazilla,,,,,,,,,,,,
89.47059631,25.39924313,"Sadullapur, Gaibandha", Gaibandha,Sadullapur,Admin,Upazilla,,,,,,,,,,,,
89.56379242,25.12334146,"Saghatta, Gaibandha", Gaibandha,Saghatta,Admin,Upazilla,,,,,,,,,,,,
88.89389992,25.78447381,"Saidpur, Nilphamari", Nilphamari,Saidpur,Admin,Upazilla,,,,,,,,,,,,
90.17440796,24.31456238,"Sakhipur, Tangail", Tangail,Sakhipur,Admin,Upazilla,,,,,,,,,,,,
89.79964713,23.42003915,"Saltha, Faridpur", Faridpur,Saltha,Admin,Upazilla,,,,,,,,,,,,
91.45345287,22.52477439,"Sandwip, Chittagong", Chittagong,Sandwip,Admin,Upazilla,,,,,,,,,,,,
89.54681396,24.069036,"Santhia, Pabna", Pabna,Santhia,Admin,Upazilla,,,,,,,,,,,,
88.58001709,25.13533902,"Sapahar, Naogaon", Naogaon,Sapahar,Admin,Upazilla,,,,,,,,,,,,
91.11099243,24.07843983,"Sarail, Brahamanbaria", Brahamanbaria,Sarail,Admin,Upazilla,,,,,,,,,,,,
89.80815371,22.11054766,"Sarankhola, Bagerhat", Bagerhat,Sarankhola,Admin,Upazilla,,,,,,,,,,,,
89.55230713,24.90512166,"Sariakandi, Bogra", Bogra,Sariakandi,Admin,Upazilla,,,,,,,,,,,,
89.82559204,24.76429055,"Sarishabari, Jamalpur", Jamalpur,Sarishabari,Admin,Upazilla,,,,,,,,,,,,
92.08087921,22.10218173,"Satkania, Chittagong", Chittagong,Satkania,Admin,Upazilla,,,,,,,,,,,,
89.07577515,22.72425713,"Satkhira Sadar, Satkhira", Satkhira,Satkhira Sadar,Admin,Upazilla,,,,,,,,,,,,
90.00164673,23.95754005,"Saturia, Manikganj", Manikganj,Saturia,Admin,Upazilla,,,,,,,,,,,,
91.22909546,22.98620968,"Senbagh, Noakhali", Noakhali,Senbagh,Admin,Upazilla,,,,,,,,,,,,
90.38319134,23.57311295,"Serajdikhan, Munshiganj", Munshiganj,Serajdikhan,Admin,Upazilla,,,,,,,,,,,,
88.60879183,24.40383561,"Shah Makhdum, Rajshahi", Rajshahi,Shah Makhdum,Admin,Upazilla,,,,,,,,,,,,
89.59213257,24.18183639,"Shahjadpur, Sirajganj", Sirajganj,Shahjadpur,Admin,Upazilla,,,,,,,,,,,,
90.9569688,23.20868213,"Shahrasti, Chandpur", Chandpur,Shahrasti,Admin,Upazilla,,,,,,,,,,,,
89.25567627,23.69860723,"Shailkupa, Jhenaidah", Jhenaidah,Shailkupa,Admin,Upazilla,,,,,,,,,,,,
89.37494045,24.76007855,"Shajahanpur, Bogra", Bogra,Shajahanpur,Admin,Upazilla,,,,,,,,,,,,
89.37618256,23.30347771,"Shalikha, Magura", Magura,Shalikha,Admin,Upazilla,,,,,,,,,,,,
90.3440094,23.21989294,"Shariatpur Sadar, Shariatpur", Shariatpur,Shariatpur Sadar,Admin,Upazilla,,,,,,,,,,,,
88.95664215,23.05604143,"Sharsha, Jessore", Jessore,Sharsha,Admin,Upazilla,,,,,,,,,,,,
89.42237488,24.62910896,"Sherpur, Bogra", Bogra,Sherpur,Admin,Upazilla,,,,,,,,,,,,
90.00652313,25.02526188,"Sherpur Sadar, Sherpur", Sherpur,Sherpur Sadar,Admin,Upazilla,,,,,,,,,,,,
90.16955916,23.34426537,"Shibchar, Madaripur", Madaripur,Shib Char,Admin,Upazilla,,,,,,,,,,,,
89.81014622,23.83830436,"Shibalaya, Manikganj", Manikganj,Shibalaya,Admin,Upazilla,,,,,,,,,,,,
89.32056427,25.00566151,"Shibganj, Bogra", Bogra,Shibganj,Admin,Upazilla,,,,,,,,,,,,
88.15480684,24.70441168,"Shibganj, Nawabganj", Nawabganj,Shibganj,Admin,Upazilla,,,,,,,,,,,,
90.74532778,24.0259801,"Shibpur, Narsingdi", Narsingdi,Shibpur,Admin,Upazilla,,,,,,,,,,,,
89.17925299,22.06900706,"Shyamnagar, Satkhira", Satkhira,Shyamnagar,Admin,Upazilla,,,,,,,,,,,,
90.13664246,23.81738537,"Singair, Manikganj", Manikganj,Singair,Admin,Upazilla,,,,,,,,,,,,
89.14306641,24.51089194,"Singra, Natore", Natore,Singra,Admin,Upazilla,,,,,,,,,,,,
89.70748901,24.47215044,"Sirajganj Sadar, Sirajganj", Sirajganj,Sirajganj Sadar,Admin,Upazilla,,,,,,,,,,,,
91.68279703,22.55889074,"Sitakunda, Chittagong", Chittagong,Sitakunda,Admin,Upazilla,,,,,,,,,,,,
89.54221603,22.81987652,"Sonadanga, Khulna", Khulna,Sonadanga,Admin,Upazilla,,,,,,,,,,,,
91.39183044,22.84991814,"Sonagazi, Feni", Feni,Sonagazi,Admin,Upazilla,,,,,,,,,,,,
91.1000061,23.03866587,"Sonaimuri, Noakhali", Noakhali,Sonaimuri,Admin,Upazilla,,,,,,,,,,,,
90.60836792,23.64641119,"Sonargaon, Narayanganj", Narayanganj,Sonargaon,Admin,Upazilla,,,,,,,,,,,,
89.49737549,25.0408155,"Sonatola, Bogra", Bogra,Sonatola,Admin,Upazilla,,,,,,,,,,,,
89.92652893,25.13471739,"Sreebardi, Sherpur", Sherpur,Sreebardi,Admin,Upazilla,,,,,,,,,,,,
91.69794711,24.30105774,"Sreemangal, Maulvibazar", Maulvibazar,Sreemangal,Admin,Upazilla,,,,,,,,,,,,
90.29182434,23.54888092,"Sreenagar, Munshiganj", Munshiganj,Sreenagar,Admin,Upazilla,,,,,,,,,,,,
90.47653198,24.20125307,"Sreepur, Gazipur", Gazipur,Sreepur,Admin,Upazilla,,,,,,,,,,,,
89.4244588,23.59626735,"Sreepur, Magura", Magura,Sreepur,Admin,Upazilla,,,,,,,,,,,,
91.29226685,22.54426932,"Subarnachar, Noakhali", Noakhali,Subarnachar,Admin,Upazilla,,,,,,,,,,,,
89.39849854,23.95237131,"Sujanagar, Pabna", Pabna,Sujanagar,Admin,Upazilla,,,,,,,,,,,,
91.25706721,24.68632998,"Sulla, Sunamganj", Sunamganj,Sulla,Admin,Upazilla,,,,,,,,,,,,
91.42272949,25.08435513,"Sunamganj Sadar, Sunamganj", Sunamganj,Sunamganj Sadar,Admin,Upazilla,,,,,,,,,,,,
89.52003479,25.57217556,"Sundarganj, Gaibandha", Gaibandha,Sundarganj,Admin,Upazilla,,,,,,,,,,,,
91.86218262,24.91384044,"Sylhet Sadar, Sylhet", Sylhet,Sylhet Sadar,Admin,Upazilla,,,,,,,,,,,,
91.1769104,25.10798445,"Tahirpur, Sunamganj", Sunamganj,Tahirpur,Admin,Upazilla,,,,,,,,,,,,
89.25292969,22.75845345,"Tala, Satkhira", Satkhira,Tala,Admin,Upazilla,,,,,,,,,,,,
89.90936279,24.24696455,"Tangail Sadar, Tangail", Tangail,Tangail Sadar,Admin,Upazilla,,,,,,,,,,,,
88.56903076,24.60207474,"Tanore, Rajshahi", Rajshahi,Tanore,Admin,Upazilla,,,,,,,,,,,,
89.03326211,25.780635,"Taraganj, Rangpur", Rangpur,Taraganj,Admin,Upazilla,,,,,,,,,,,,
90.8907444,24.55017512,"Tarail, Kishoreganj", Kishoreganj,Tarail,Admin,Upazilla,,,,,,,,,,,,
89.36416626,24.42714534,"Tarash, Sirajganj", Sirajganj,Tarash,Admin,Upazilla,,,,,,,,,,,,
90.85075378,22.42372364,"Tazumuddin, Bhola", Bhola,Tazumuddin,Admin,Upazilla,,,,,,,,,,,,
88.34243774,26.49577132,"Tentulia, Panchagarh", Panchagarh,Tentulia,Admin,Upazilla,,,,,,,,,,,,
89.67453003,22.94290218,"Terokhada, Khulna", Khulna,Terokhada,Admin,Upazilla,,,,,,,,,,,,
88.4692955,26.0213084,"Thakurgaon Sadar, Thakurgaon", Thakurgaon,Thakurgaon Sadar,Admin,Upazilla,,,,,,,,,,,,
92.42797852,21.82453249,"Thanchi, Bandarban", Bandarban,Thanchi,Admin,Upazilla,,,,,,,,,,,,
90.8147049,23.60080122,"Titas, Comilla", Comilla,Titas,Admin,Upazilla,,,,,,,,,,,,
90.46674728,23.51163804,"Tongibari, Munshiganj", Munshiganj,Tongibari,Admin,Upazilla,,,,,,,,,,,,
90.39482117,24.58958786,"Trishal, Mymensingh", Mymensingh,Trishal,Admin,Upazilla,,,,,,,,,,,,
89.90444152,22.92543408,"Tungi Para, Gopalganj", Gopalganj,Tungi Para,Admin,Upazilla,,,,,,,,,,,,
89.61753845,25.66319025,"Ulipur, Kurigram", Kurigram,Ulipur,Admin,Upazilla,,,,,,,,,,,,
89.56054687,24.32113247,"Ullah Para, Sirajganj", Sirajganj,Ullah Para,Admin,Upazilla,,,,,,,,,,,,
90.25474548,22.83125041,"Wazirpur, Barisal", Barisal,Wazirpur,Admin,Upazilla,,,,,,,,,,,,
92.36720442,24.92611032,"Zakiganj, Sylhet", Sylhet,Zakiganj,Admin,Upazilla,,,,,,,,,,,,
90.30139358,23.34662949,"Zanjira, Shariatpur", Shariatpur,Zanjira,Admin,Upazilla,,,,,,,,,,,,
89.96566772,22.48591294,"Zianagar, Pirojpur", Pirojpur,Zianagar,Admin,Upazilla,,,,,,,,,,,,
92.08259583,21.7626883,"Chakaria, Cox's Bazar", Cox's Bazar,Chakaria,Admin,Upazilla,,,,,,,,,,,,
92.0022583,21.44539956,"Cox's Bazar Sadar, Cox's Bazar", Cox's Bazar,Cox's Bazar Sadar,Admin,Upazilla,,,,,,,,,,,,
91.8625599,21.83798348,"Kutubdia, Cox's Bazar", Cox's Bazar,Kutubdia,Admin,Upazilla,,,,,,,,,,,,
91.94595337,21.55272989,"Maheshkhali, Cox's Bazar", Cox's Bazar,Maheshkhali,Admin,Upazilla,,,,,,,,,,,,
91.95625305,21.83664318,"Pekua, Cox's Bazar", Cox's Bazar,Pekua,Admin,Upazilla,,,,,,,,,,,,
92.10250854,21.43773008,"Ramu, Cox's Bazar", Cox's Bazar,Ramu,Admin,Upazilla,,,,,,,,,,,,
92.22361403,20.99223268,"Teknaf, Cox's Bazar", Cox's Bazar,Teknaf,Admin,Upazilla,,,,,,,,,,,,
92.11593919,21.22930296,"Ukhia, Cox's Bazar", Cox's Bazar,Ukhia,Admin,Upazilla,,,,,,,,,,,,